<?xml version="1.0" encoding="UTF-8"?>
<Tokens version="1.0">
	<File path="Classes/PublicKeyComponent.html">
		
		<Token>
			<TokenIdentifier>//apple_ref/occ/cl/PublicKeyComponent</TokenIdentifier>
			<Abstract type="html">Object to set public key for NOF SDK</Abstract>
			<DeclaredIn>PublicKeyComponent.h</DeclaredIn>
            
			
			<NodeRef refid="6"/>
		</Token>
		
		
		<Token>
			<TokenIdentifier>//apple_ref/occ/instm/PublicKeyComponent/init:withKeyModulus:withKeyExponent:</TokenIdentifier>
			<Abstract type="html">Initialize the public key component object</Abstract>
			<DeclaredIn>PublicKeyComponent.h</DeclaredIn>
			
			<Declaration>- (id)init:(NSString *)keyId withKeyModulus:(NSString *)keyModulus withKeyExponent:(NSString *)keyExponent</Declaration>
			<Parameters>
				<Parameter>
					<Name>keyId</Name>
					<Abstract type="html">Key ID assigned by NETS</Abstract>
				</Parameter><Parameter>
					<Name>keyModulus</Name>
					<Abstract type="html">Key Modulus assigned by NETS</Abstract>
				</Parameter><Parameter>
					<Name>keyExponent</Name>
					<Abstract type="html">Key Exponent assigned by NETS</Abstract>
				</Parameter>
			</Parameters>
			<ReturnValue><Abstract type="html">object of Public Key Component of NOF SDK</Abstract></ReturnValue>
			<Anchor>//api/name/init:withKeyModulus:withKeyExponent:</Anchor>
            <NodeRef refid="6"/>
		</Token>
		
        
        
	</File>
</Tokens>