<?xml version="1.0" encoding="UTF-8"?>
<Tokens version="1.0">
	<File path="Protocols/RegistrationProtocol.html">
		
		<Token>
			<TokenIdentifier>//apple_ref/occ/intf/RegistrationProtocol</TokenIdentifier>
			<Abstract type="html">Protocol which implemented by Registration</Abstract>
			<DeclaredIn>RegistrationProtocol.h</DeclaredIn>
            
			
			<NodeRef refid="10"/>
		</Token>
		
		
		<Token>
			<TokenIdentifier>//apple_ref/occ/intfm/RegistrationProtocol/invoke:failure:</TokenIdentifier>
			<Abstract type="html">abstract class which implemented by NOF SDK class to execute some functions</Abstract>
			<DeclaredIn>RegistrationProtocol.h</DeclaredIn>
			
			<Declaration>- (void)invoke:(void ( ^ _Nullable ) ( NSString *_Nonnull result , NSString *_Nonnull result2 ))successCallback failure:(void ( ^ _Nullable ) ( NSString *_Nonnull error ))errorCallback</Declaration>
			<Parameters>
				<Parameter>
					<Name>successCallback</Name>
					<Abstract type="html">method finished successfully</Abstract>
				</Parameter><Parameter>
					<Name>errorCallback</Name>
					<Abstract type="html">error occured when method executed</Abstract>
				</Parameter>
			</Parameters>
			
			<Anchor>//api/name/invoke:failure:</Anchor>
            <NodeRef refid="10"/>
		</Token>
		
        
        
	</File>
</Tokens>