<?xml version="1.0" encoding="UTF-8"?>
<Tokens version="1.0">
	<File path="Classes/Registration.html">
		
		<Token>
			<TokenIdentifier>//apple_ref/occ/cl/Registration</TokenIdentifier>
			<Abstract type="html">Registration is used to register a new NOF card. During instantiation of
Registration, merchant application need to pass these two parameters : merchant user id
and merchant id. Then after instantiation done, merchant application calls the invoke()
method upon instantiation of Registration object.
&lt;BR&gt;&lt;BR&gt;
Registration API can be used in the scenario that the MUID (User ID of the Merchant)
is changed in the same installation of merchant application. Another scenario that this class
should be used is when the merchant app uses mobile number as the MUID and the users
change the mobile number which indirectly changes the MUID, merchant app should use this
class to prevent the user of new phone number to continue to use the NOF card registered by
the user of previous phone number. When invoke()method is called with
Registration object initialized with different muid, the existing NOF card will be
deregistered automatically to protect the user of previous mobile number.
To use this class, merchant application calls invoke()method upon instantiation of
Registration object with mid (merchant app is not allowed to change their mid) and
muid of merchant app.
&lt;BR&gt;&lt;BR&gt;
As the result of successful registration, SDK will return String which contains Secondary
Bitmap Data Element S-126 Request Table 1 and 2 of Merchant Host Interface Specification
[1]. These 2 tables are concatenated in TLV format with ‘Tag’ as 2 bytes of Table ID length
and ‘Length’ of TLV in 3 bytes.
&lt;BR&gt;&lt;BR&gt;
Sample code on Swift :
&lt;pre&gt;
&lt;code&gt;
let reg = Registration(viewController: self, withMuid: muidStr, andWithMid: midStr, withNavigationBarColor: UIColor(displayP3Red: 1.0, green: 0.0, blue: 0.0, alpha: 1.0), withTitleBarColor: UIColor.white)</Abstract>
			<DeclaredIn>Registration.h</DeclaredIn>
            
			
			<NodeRef refid="8"/>
		</Token>
		
		
		<Token>
			<TokenIdentifier>//apple_ref/occ/instm/Registration/initWithViewController:withMuid:andWithMid:</TokenIdentifier>
			<Abstract type="html">Register a new NETS-On-File card.</Abstract>
			<DeclaredIn>Registration.h</DeclaredIn>
			
			<Declaration>- (id)initWithViewController:(UIViewController *)viewController withMuid:(NSString *)muid andWithMid:(NSString *)mid</Declaration>
			<Parameters>
				<Parameter>
					<Name>viewController</Name>
					<Abstract type="html">UIViewController object from merchant UI</Abstract>
				</Parameter><Parameter>
					<Name>muid</Name>
					<Abstract type="html">Merchant User Id. For example : mobile number, email, or username.</Abstract>
				</Parameter><Parameter>
					<Name>mid</Name>
					<Abstract type="html">Merchant Id which assigned by NETS</Abstract>
				</Parameter>
			</Parameters>
			<ReturnValue><Abstract type="html">Registration object of NOF SDK</Abstract></ReturnValue>
			<Anchor>//api/name/initWithViewController:withMuid:andWithMid:</Anchor>
            <NodeRef refid="8"/>
		</Token>
		
		<Token>
			<TokenIdentifier>//apple_ref/occ/instm/Registration/initWithViewController:withMuid:andWithMid:withNavigationBarColor:withTitleBarColor:</TokenIdentifier>
			<Abstract type="html">Register a new NETS-On-File card with custom navigation color.</Abstract>
			<DeclaredIn>Registration.h</DeclaredIn>
			
			<Declaration>- (id)initWithViewController:(UIViewController *)viewController withMuid:(NSString *)muid andWithMid:(NSString *)mid withNavigationBarColor:(UIColor *)colorNav withTitleBarColor:(UIColor *)titleBarColor</Declaration>
			<Parameters>
				<Parameter>
					<Name>viewController</Name>
					<Abstract type="html">UIViewController object from merchant UI</Abstract>
				</Parameter><Parameter>
					<Name>muid</Name>
					<Abstract type="html">Merchant User Id. For example : mobile number, email, or username.</Abstract>
				</Parameter><Parameter>
					<Name>mid</Name>
					<Abstract type="html">Merchant Id which assigned by NETS</Abstract>
				</Parameter><Parameter>
					<Name>colorNav</Name>
					<Abstract type="html">Used to set navigation bar color of UI SDK</Abstract>
				</Parameter><Parameter>
					<Name>titleBarColor</Name>
					<Abstract type="html">Used to set &quot;Close&quot; button text color on navigation bar of UI SDK</Abstract>
				</Parameter>
			</Parameters>
			<ReturnValue><Abstract type="html">Registration object of NOF SDK</Abstract></ReturnValue>
			<Anchor>//api/name/initWithViewController:withMuid:andWithMid:withNavigationBarColor:withTitleBarColor:</Anchor>
            <NodeRef refid="8"/>
		</Token>
		
        
        
	</File>
</Tokens>