<?xml version="1.0" encoding="UTF-8"?>
<Tokens version="1.0">
	<File path="Classes/CheckFundAvailability.html">
		
		<Token>
			<TokenIdentifier>//apple_ref/occ/cl/CheckFundAvailability</TokenIdentifier>
			<Abstract type="html">Check Fund Availability allows the merchant to check whether their customers have
sufficient balance in their bank CASA account. This is useful for ride-hailing case when the
merchant app only initiates the booking process and the actual debit is done later by the
merchant host at the end of the trip. Take note that the maximum amount that the merchant
host can debit is equivalent to the specified amount of Check Fund Availability.
When invoke()method is called, the SDK will return Secondary Bitmap Data Element S-
126 Request Table 2 and 5 of Merchant Host Interface Specification [1]. Merchant app will
forward these 2 tables to merchant host. Merchant Host will then send the Check Fund
Availability request message to NETS host.&lt;BR&gt;&lt;BR&gt;
Merchant application calls invoke()method upon instantiation of
CheckFundAvailability object with specified estimated transaction amount to
check.&lt;BR&gt;&lt;BR&gt;
&lt;B&gt;&lt;U&gt;Estimated Transaction Amount :&lt;/U&gt;&lt;/B&gt;&lt;BR&gt;
For ride hailing case, merchant application needs to put estimated amount that may charge to the
merchant app user. It needs to follow these formats : &lt;BR&gt;&lt;UL&gt;
    &lt;LI&gt;Last 2 characters are cents.&lt;/LI&gt;
    &lt;LI&gt;‘0’s are padded to the left of amount string to make the length of 12 characters&lt;/LI&gt;
&lt;/UL&gt;&lt;BR&gt;
To illustrate, below are the examples of transaction amount:&lt;UL&gt;
    &lt;LI&gt;1 cent : 000000000001&lt;/LI&gt;
    &lt;LI&gt;10 cents : 000000000010&lt;/LI&gt;
    &lt;LI&gt;1 dollar : 000000000100&lt;/LI&gt;
&lt;/UL&gt;
&lt;BR&gt;&lt;BR&gt;
Sample code on Swift :
&lt;pre&gt;
&lt;code&gt;
let cfa = CheckFundAvailability(estimatedTxnAmount: b)</Abstract>
			<DeclaredIn>CheckFundAvailability.h</DeclaredIn>
            
			
			<NodeRef refid="1"/>
		</Token>
		
		
		<Token>
			<TokenIdentifier>//apple_ref/occ/instm/CheckFundAvailability/initWithEstimatedTxnAmount:</TokenIdentifier>
			<Abstract type="html">Check Fund Availability to check whether the user has specified
amount of balance in their CASA account. This method should be used when response code is not ‘U9’ or ‘55’ (Online PIN not required).</Abstract>
			<DeclaredIn>CheckFundAvailability.h</DeclaredIn>
			
			<Declaration>- (id)initWithEstimatedTxnAmount:(NSString *)estimatedTxn</Declaration>
			<Parameters>
				<Parameter>
					<Name>estimatedTxn</Name>
					<Abstract type="html">Amount to check for CFA</Abstract>
				</Parameter>
			</Parameters>
			<ReturnValue><Abstract type="html">CheckFundAvailability object from NOF SDK</Abstract></ReturnValue>
			<Anchor>//api/name/initWithEstimatedTxnAmount:</Anchor>
            <NodeRef refid="1"/>
		</Token>
		
		<Token>
			<TokenIdentifier>//apple_ref/occ/instm/CheckFundAvailability/initWithEstimatedTxnAmount:withResponseCode:withTransactionCryptogram:withViewController:</TokenIdentifier>
			<Abstract type="html">Check Fund Availability to check whether the user has specified
amount of balance in their CASA account. Merchant App should invoke this method when Response Code ‘U9’ or ‘55’ (Online PIN required) is received by Merchant Host from Primary Bitmap Data Element P-39.</Abstract>
			<DeclaredIn>CheckFundAvailability.h</DeclaredIn>
			
			<Declaration>- (id)initWithEstimatedTxnAmount:(NSString *)estimatedTxn withResponseCode:(NSString *)respCode withTransactionCryptogram:(NSString *)txnCryptogram withViewController:(UIViewController *)viewController</Declaration>
			<Parameters>
				<Parameter>
					<Name>estimatedTxn</Name>
					<Abstract type="html">Amount to check for CFA</Abstract>
				</Parameter><Parameter>
					<Name>respCode</Name>
					<Abstract type="html">Response code returned from merchant host</Abstract>
				</Parameter><Parameter>
					<Name>txnCryptogram</Name>
					<Abstract type="html">Secondary Bitmap Data Element S-126 Response Table 53 of Merchant Host Interface Specification [1]. Table 53 is in TLV format with ‘Tag’ as 2 bytes of Table ID length and ‘Length’ of TLV in 3 bytes. This txnCryptogram should be returned by merchant host.</Abstract>
				</Parameter><Parameter>
					<Name>viewController</Name>
					<Abstract type="html">UIViewController object from merchant UI</Abstract>
				</Parameter>
			</Parameters>
			<ReturnValue><Abstract type="html">CheckFundAvailability object from NOF SDK</Abstract></ReturnValue>
			<Anchor>//api/name/initWithEstimatedTxnAmount:withResponseCode:withTransactionCryptogram:withViewController:</Anchor>
            <NodeRef refid="1"/>
		</Token>
		
        
        
	</File>
</Tokens>