<?xml version="1.0" encoding="UTF-8"?>
<Tokens version="1.0">
	<File path="Classes/PublicKeySet.html">
		
		<Token>
			<TokenIdentifier>//apple_ref/occ/cl/PublicKeySet</TokenIdentifier>
			<Abstract type="html">Used to set Public Key Set for NOF SDK</Abstract>
			<DeclaredIn>PublicKeySet.h</DeclaredIn>
            
			
			<NodeRef refid="7"/>
		</Token>
		
		
		<Token>
			<TokenIdentifier>//apple_ref/occ/instm/PublicKeySet/init:withHppPublicComponents:</TokenIdentifier>
			<Abstract type="html">Used to initialize Public Key Set object</Abstract>
			<DeclaredIn>PublicKeySet.h</DeclaredIn>
			
			<Declaration>- (id)init:(PublicKeyComponent *)mapPublicKeyComponent withHppPublicComponents:(NSMutableDictionary *)hppPublicKeyComponents</Declaration>
			<Parameters>
				<Parameter>
					<Name>mapPublicKeyComponent</Name>
					<Abstract type="html">Public key component of MAP which assigned by NETS</Abstract>
				</Parameter><Parameter>
					<Name>hppPublicKeyComponents</Name>
					<Abstract type="html">Set of public key component of HPP which assigned by NETS</Abstract>
				</Parameter>
			</Parameters>
			<ReturnValue><Abstract type="html">object of Public Key Set</Abstract></ReturnValue>
			<Anchor>//api/name/init:withHppPublicComponents:</Anchor>
            <NodeRef refid="7"/>
		</Token>
		
		<Token>
			<TokenIdentifier>//apple_ref/occ/instm/PublicKeySet/getMapPublicKeyComponent</TokenIdentifier>
			<Abstract type="html">Used to get MAP Public Key Component that has been set during the initialization</Abstract>
			<DeclaredIn>PublicKeySet.h</DeclaredIn>
			
			<Declaration>- (PublicKeyComponent *)getMapPublicKeyComponent</Declaration>
			
			<ReturnValue><Abstract type="html">Public key component object of MAP</Abstract></ReturnValue>
			<Anchor>//api/name/getMapPublicKeyComponent</Anchor>
            <NodeRef refid="7"/>
		</Token>
		
		<Token>
			<TokenIdentifier>//apple_ref/occ/instm/PublicKeySet/getAllHppPublicKeyComponents</TokenIdentifier>
			<Abstract type="html">Used to get all set of HPP Public Key Components</Abstract>
			<DeclaredIn>PublicKeySet.h</DeclaredIn>
			
			<Declaration>- (NSMutableDictionary *)getAllHppPublicKeyComponents</Declaration>
			
			<ReturnValue><Abstract type="html">all set of HPP Public Key Components object</Abstract></ReturnValue>
			<Anchor>//api/name/getAllHppPublicKeyComponents</Anchor>
            <NodeRef refid="7"/>
		</Token>
		
		<Token>
			<TokenIdentifier>//apple_ref/occ/instm/PublicKeySet/getHppPublicKeyComponent:</TokenIdentifier>
			<Abstract type="html">Used to get the HPP Public Key component based on Issuer ID</Abstract>
			<DeclaredIn>PublicKeySet.h</DeclaredIn>
			
			<Declaration>- (PublicKeyComponent *)getHppPublicKeyComponent:(NSString *)issuerId</Declaration>
			<Parameters>
				<Parameter>
					<Name>issuerId</Name>
					<Abstract type="html">Issuer Id of particular HPP Public Key</Abstract>
				</Parameter>
			</Parameters>
			<ReturnValue><Abstract type="html">HPP Public Key Component object</Abstract></ReturnValue>
			<Anchor>//api/name/getHppPublicKeyComponent:</Anchor>
            <NodeRef refid="7"/>
		</Token>
		
		<Token>
			<TokenIdentifier>//apple_ref/occ/instm/PublicKeySet/getHppIssuers</TokenIdentifier>
			<Abstract type="html">Used to get all issuer of HPP that has been set during initialization</Abstract>
			<DeclaredIn>PublicKeySet.h</DeclaredIn>
			
			<Declaration>- (NSArray *)getHppIssuers</Declaration>
			
			<ReturnValue><Abstract type="html">array of HPP Issuer</Abstract></ReturnValue>
			<Anchor>//api/name/getHppIssuers</Anchor>
            <NodeRef refid="7"/>
		</Token>
		
        
        
	</File>
</Tokens>