<?xml version="1.0" encoding="UTF-8"?>
<Tokens version="1.0">
	<File path="Classes/Debit.html">
		
		<Token>
			<TokenIdentifier>//apple_ref/occ/cl/Debit</TokenIdentifier>
			<Abstract type="html">If the merchant requires its customer to pay immediately, for instance, by clicking “Pay
Now” or “Place Order” buttons of some of the merchant apps, it can instantiate
Debit(amountToDebit) to debit the customer CASA account. Merchant application
needs to call invoke() method upon instantiation of Debit object with specified
transaction amount to debit. Upon successful callback, the SDK will return Secondary
Bitmap Data Element S-126 Request Table 2 and 5 of Merchant Host Interface Specification
[1] as response to merchant application.</Abstract>
			<DeclaredIn>Debit.h</DeclaredIn>
            
			
			<NodeRef refid="2"/>
		</Token>
		
		
		<Token>
			<TokenIdentifier>//apple_ref/occ/instm/Debit/initWithAmount:</TokenIdentifier>
			<Abstract type="html">Debit the customer without invoking PIN pad.</Abstract>
			<DeclaredIn>Debit.h</DeclaredIn>
			
			<Declaration>- (id)initWithAmount:(NSString *)transAmt</Declaration>
			<Parameters>
				<Parameter>
					<Name>transAmt</Name>
					<Abstract type="html">Amount to debit</Abstract>
				</Parameter>
			</Parameters>
			<ReturnValue><Abstract type="html">object of Debit from NOF SDK</Abstract></ReturnValue>
			<Anchor>//api/name/initWithAmount:</Anchor>
            <NodeRef refid="2"/>
		</Token>
		
		<Token>
			<TokenIdentifier>//apple_ref/occ/instm/Debit/initWithAmount:withResponseCode:withTransactionCryptogram:withViewController:</TokenIdentifier>
			<Abstract type="html">Debit the customer by invoking the PIN pad. Merchant App should
invoke this method when Response Code ‘U9’ or ‘55’ (Online PIN required) is received by Merchant Host from Primary Bitmap Data Element P-39.</Abstract>
			<DeclaredIn>Debit.h</DeclaredIn>
			
			<Declaration>- (id)initWithAmount:(NSString *)transAmt withResponseCode:(NSString *)respCode withTransactionCryptogram:(NSString *)txnCryptogram withViewController:(UIViewController *)viewController</Declaration>
			<Parameters>
				<Parameter>
					<Name>transAmt</Name>
					<Abstract type="html">Amount to debit</Abstract>
				</Parameter><Parameter>
					<Name>respCode</Name>
					<Abstract type="html">Response code returned by merchant host</Abstract>
				</Parameter><Parameter>
					<Name>txnCryptogram</Name>
					<Abstract type="html">Secondary Bitmap Data Element S-126 Response Table 53 of Merchant Host Interface Specification [1]. Table 53 is in TLV format with ‘Tag’ as 2 bytes of Table ID length and ‘Length’ of TLV in 3 bytes. This transaction cryptogram should be returned by merchant host</Abstract>
				</Parameter><Parameter>
					<Name>viewController</Name>
					<Abstract type="html">UIViewController object from merchant UI</Abstract>
				</Parameter>
			</Parameters>
			<ReturnValue><Abstract type="html">object of Debit from NOF SDK</Abstract></ReturnValue>
			<Anchor>//api/name/initWithAmount:withResponseCode:withTransactionCryptogram:withViewController:</Anchor>
            <NodeRef refid="2"/>
		</Token>
		
        
        
	</File>
</Tokens>