<?xml version="1.0" encoding="UTF-8"?>
<Tokens version="1.0">
	<File path="Protocols/RequestProtocol.html">
		
		<Token>
			<TokenIdentifier>//apple_ref/occ/intf/RequestProtocol</TokenIdentifier>
			<Abstract type="html">Protocol which implemented by Deregistration, CheckFundAvailability, and Debit</Abstract>
			<DeclaredIn>RequestProtocol.h</DeclaredIn>
            
			
			<NodeRef refid="11"/>
		</Token>
		
		
		<Token>
			<TokenIdentifier>//apple_ref/occ/intfm/RequestProtocol/invoke:failure:</TokenIdentifier>
			<Abstract type="html">abstract class which implemented by NOF SDK class to execute some functions</Abstract>
			<DeclaredIn>RequestProtocol.h</DeclaredIn>
			
			<Declaration>- (void)invoke:(void ( ^ _Nullable ) ( NSString *result ))successCallback failure:(void ( ^ _Nullable ) ( NSString *error ))errorCallback</Declaration>
			<Parameters>
				<Parameter>
					<Name>successCallback</Name>
					<Abstract type="html">method finished successfully</Abstract>
				</Parameter><Parameter>
					<Name>errorCallback</Name>
					<Abstract type="html">error occured when method executed</Abstract>
				</Parameter>
			</Parameters>
			
			<Anchor>//api/name/invoke:failure:</Anchor>
            <NodeRef refid="11"/>
		</Token>
		
        
        
	</File>
</Tokens>