<?xml version="1.0" encoding="UTF-8"?>
<Tokens version="1.0">
	<File path="Classes/ExceptionCatcher.html">
		
		<Token>
			<TokenIdentifier>//apple_ref/occ/cl/ExceptionCatcher</TokenIdentifier>
			<Abstract type="html">Used as bridge to catch exception from Objective-C framework on Swift UI project</Abstract>
			<DeclaredIn>ExceptionCatcher.h</DeclaredIn>
            
			
			<NodeRef refid="4"/>
		</Token>
		
		
		<Token>
			<TokenIdentifier>//apple_ref/occ/clm/ExceptionCatcher/catchException:error:</TokenIdentifier>
			<Abstract type="html">Method to catch exception</Abstract>
			<DeclaredIn>ExceptionCatcher.h</DeclaredIn>
			
			<Declaration>+ (BOOL)catchException:(void ( ^ ) ( void ))tryBlock error:(__autoreleasing NSError **)error</Declaration>
			<Parameters>
				<Parameter>
					<Name>tryBlock</Name>
					<Abstract type="html">block of code to catch the exception</Abstract>
				</Parameter><Parameter>
					<Name>error</Name>
					<Abstract type="html">result of the exception</Abstract>
				</Parameter>
			</Parameters>
			<ReturnValue><Abstract type="html">result of the catch exception</Abstract></ReturnValue>
			<Anchor>//api/name/catchException:error:</Anchor>
            <NodeRef refid="4"/>
		</Token>
		
        
        
	</File>
</Tokens>