<?xml version="1.0" encoding="UTF-8"?>
<Tokens version="1.0">
	<File path="Classes/NofService.html">
		
		<Token>
			<TokenIdentifier>//apple_ref/occ/cl/NofService</TokenIdentifier>
			<Abstract type="html">Merchant application should be initialized NofService by calling
NofService.main during start up, for example
within application(_:didFinishLaunchWithOptions:)method in AppDelegate
class. &lt;BR&gt;
ServiceNotInitializedException exception will be thrown if NofService has
not been initialized.
&lt;BR&gt;&lt;BR&gt;
Sample code on Swift :
&lt;pre&gt;
&lt;code&gt;
let HOST_URL                = &quot;https://uatnetspay.nets.com.sg&quot;
let APIGWURL              = &quot;https://uat-api.nets.com.sg/uat&quot;</Abstract>
			<DeclaredIn>NofService.h</DeclaredIn>
            
			
			<NodeRef refid="5"/>
		</Token>
		
		
		<Token>
			<TokenIdentifier>//apple_ref/occ/clm/NofService/main</TokenIdentifier>
			<Abstract type="html">Used to initialize NofService.</Abstract>
			<DeclaredIn>NofService.h</DeclaredIn>
			
			<Declaration>+ (NofService *)main</Declaration>
			
			<ReturnValue><Abstract type="html">singleton object of NofService</Abstract></ReturnValue>
			<Anchor>//api/name/main</Anchor>
            <NodeRef refid="5"/>
		</Token>
		
		<Token>
			<TokenIdentifier>//apple_ref/occ/instm/NofService/setSdkDebuggable:</TokenIdentifier>
			<Abstract type="html">Used to turn on sdk debug. Default value is off</Abstract>
			<DeclaredIn>NofService.h</DeclaredIn>
			
			<Declaration>- (void)setSdkDebuggable:(BOOL)sdkDebug</Declaration>
			<Parameters>
				<Parameter>
					<Name>sdkDebug</Name>
					<Abstract type="html">set to true to turn on debug</Abstract>
				</Parameter>
			</Parameters>
			
			<Anchor>//api/name/setSdkDebuggable:</Anchor>
            <NodeRef refid="5"/>
		</Token>
		
		<Token>
			<TokenIdentifier>//apple_ref/occ/instm/NofService/clearVOS</TokenIdentifier>
			<Abstract type="html">Used to clear VosStorage when error -8 happen normally after user do backup and restore
After run this command, please exit the app and relaunch the app</Abstract>
			<DeclaredIn>NofService.h</DeclaredIn>
			
			<Declaration>- (BOOL)clearVOS</Declaration>
			
			<ReturnValue><Abstract type="html">status of the clear storage</Abstract></ReturnValue>
			<Anchor>//api/name/clearVOS</Anchor>
            <NodeRef refid="5"/>
		</Token>
		
		<Token>
			<TokenIdentifier>//apple_ref/occ/instm/NofService/initializeWithServerBaseUrl:withApiGwBaseUrl:withAppId:withAppSecret:withPublicKeySet:withServerCertName:success:failure:</TokenIdentifier>
			<Abstract type="html">Used to initialize parameter which required by NOF SDK.</Abstract>
			<DeclaredIn>NofService.h</DeclaredIn>
			
			<Declaration>- (void)initializeWithServerBaseUrl:(NSString *)serverBaseUrl withApiGwBaseUrl:(NSString *)apiGwBaseUrl withAppId:(NSString *)appId withAppSecret:(NSString *)appSecret withPublicKeySet:(PublicKeySet *)pks withServerCertName:(NSString *)serverCertName success:(void ( ^ _Nullable ) ( NSString *_Nonnull ))successCallback failure:(void ( ^ _Nullable ) ( NSString *_Nonnull ))errorCallback</Declaration>
			<Parameters>
				<Parameter>
					<Name>serverBaseUrl</Name>
					<Abstract type="html">NETS Server base url</Abstract>
				</Parameter><Parameter>
					<Name>apiGwBaseUrl</Name>
					<Abstract type="html">NETS API gateway base url</Abstract>
				</Parameter><Parameter>
					<Name>appId</Name>
					<Abstract type="html">Application ID assigned by NETS</Abstract>
				</Parameter><Parameter>
					<Name>appSecret</Name>
					<Abstract type="html">Application Secret assigned by NETS</Abstract>
				</Parameter><Parameter>
					<Name>pks</Name>
					<Abstract type="html">Public Key Set assigned by NETS</Abstract>
				</Parameter><Parameter>
					<Name>serverCertName</Name>
					<Abstract type="html">Server Certificate File name assigned by NETS. ServerCertName should not include the extension (*.der).</Abstract>
				</Parameter><Parameter>
					<Name>successCallback</Name>
					<Abstract type="html">Success callback function when SDK initialized successfully</Abstract>
				</Parameter><Parameter>
					<Name>errorCallback</Name>
					<Abstract type="html">Error callback function when SDK initialized failed</Abstract>
				</Parameter>
			</Parameters>
			
			<Anchor>//api/name/initializeWithServerBaseUrl:withApiGwBaseUrl:withAppId:withAppSecret:withPublicKeySet:withServerCertName:success:failure:</Anchor>
            <NodeRef refid="5"/>
		</Token>
		
		<Token>
			<TokenIdentifier>//apple_ref/occ/instm/NofService/initializeWithServerBaseUrl:withApiGwBaseUrl:withAppId:withAppSecret:withPublicKeySet:withServerCertNames:success:failure:</TokenIdentifier>
			<Abstract type="html">Used to initialize parameter which required by NOF SDK.</Abstract>
			<DeclaredIn>NofService.h</DeclaredIn>
			
			<Declaration>- (void)initializeWithServerBaseUrl:(NSString *)serverBaseUrl withApiGwBaseUrl:(NSString *)apiGwBaseUrl withAppId:(NSString *)appId withAppSecret:(NSString *)appSecret withPublicKeySet:(PublicKeySet *)pks withServerCertNames:(NSMutableArray *)serverCertName success:(void ( ^ _Nullable ) ( NSString *_Nonnull ))successCallback failure:(void ( ^ _Nullable ) ( NSString *_Nonnull ))errorCallback</Declaration>
			<Parameters>
				<Parameter>
					<Name>serverBaseUrl</Name>
					<Abstract type="html">NETS Server base url</Abstract>
				</Parameter><Parameter>
					<Name>apiGwBaseUrl</Name>
					<Abstract type="html">NETS API gateway base url</Abstract>
				</Parameter><Parameter>
					<Name>appId</Name>
					<Abstract type="html">Application ID assigned by NETS</Abstract>
				</Parameter><Parameter>
					<Name>appSecret</Name>
					<Abstract type="html">Application Secret assigned by NETS</Abstract>
				</Parameter><Parameter>
					<Name>pks</Name>
					<Abstract type="html">Public Key Set assigned by NETS</Abstract>
				</Parameter><Parameter>
					<Name>serverCertName</Name>
					<Abstract type="html">array of Server Certificate File name assigned by NETS. ServerCertName should not include the extension (*.der).</Abstract>
				</Parameter><Parameter>
					<Name>successCallback</Name>
					<Abstract type="html">Success callback function when SDK initialized successfully</Abstract>
				</Parameter><Parameter>
					<Name>errorCallback</Name>
					<Abstract type="html">Error callback function when SDK initialized failed</Abstract>
				</Parameter>
			</Parameters>
			
			<Anchor>//api/name/initializeWithServerBaseUrl:withApiGwBaseUrl:withAppId:withAppSecret:withPublicKeySet:withServerCertNames:success:failure:</Anchor>
            <NodeRef refid="5"/>
		</Token>
		
		<Token>
			<TokenIdentifier>//apple_ref/occ/instm/NofService/clearAllData</TokenIdentifier>
			<Abstract type="html">Used to clear all SDK data. After call this, merchant need to quit and relaunch the app</Abstract>
			<DeclaredIn>NofService.h</DeclaredIn>
			
			<Declaration>- (void)clearAllData</Declaration>
			
			
			<Anchor>//api/name/clearAllData</Anchor>
            <NodeRef refid="5"/>
		</Token>
		
        
        
	</File>
</Tokens>