<?xml version="1.0" encoding="UTF-8"?>
<Tokens version="1.0">
	<File path="Classes/ServiceError.html">
		
		<Token>
			<TokenIdentifier>//apple_ref/occ/cl/ServiceError</TokenIdentifier>
			<Abstract type="html"></Abstract>
			<DeclaredIn>ServiceError.h</DeclaredIn>
            
			
			<NodeRef refid="9"/>
		</Token>
		
		
		<Token>
			<TokenIdentifier>//apple_ref/occ/clm/ServiceError/ServiceNotInitializedException</TokenIdentifier>
			<Abstract type="html">Service not initialized</Abstract>
			<DeclaredIn>ServiceError.h</DeclaredIn>
			
			<Declaration>+ (NSException *)ServiceNotInitializedException</Declaration>
			
			<ReturnValue><Abstract type="html">NSException object with user info</Abstract></ReturnValue>
			<Anchor>//api/name/ServiceNotInitializedException</Anchor>
            <NodeRef refid="9"/>
		</Token>
		
		<Token>
			<TokenIdentifier>//apple_ref/occ/clm/ServiceError/MissingServerCertException</TokenIdentifier>
			<Abstract type="html">Missing NETS-On-File server certificate</Abstract>
			<DeclaredIn>ServiceError.h</DeclaredIn>
			
			<Declaration>+ (NSException *)MissingServerCertException</Declaration>
			
			<ReturnValue><Abstract type="html">NSException object with user info</Abstract></ReturnValue>
			<Anchor>//api/name/MissingServerCertException</Anchor>
            <NodeRef refid="9"/>
		</Token>
		
		<Token>
			<TokenIdentifier>//apple_ref/occ/clm/ServiceError/ServiceNotInitializedException:</TokenIdentifier>
			<Abstract type="html">Service not initialized exception with extra message</Abstract>
			<DeclaredIn>ServiceError.h</DeclaredIn>
			
			<Declaration>+ (NSException *)ServiceNotInitializedException:(NSString *)message</Declaration>
			<Parameters>
				<Parameter>
					<Name>message</Name>
					<Abstract type="html">description on which service not initialized</Abstract>
				</Parameter>
			</Parameters>
			<ReturnValue><Abstract type="html">NSException object with user info</Abstract></ReturnValue>
			<Anchor>//api/name/ServiceNotInitializedException:</Anchor>
            <NodeRef refid="9"/>
		</Token>
		
		<Token>
			<TokenIdentifier>//apple_ref/occ/clm/ServiceError/MissingDataException:</TokenIdentifier>
			<Abstract type="html">Missing required data</Abstract>
			<DeclaredIn>ServiceError.h</DeclaredIn>
			
			<Declaration>+ (NSException *)MissingDataException:(NSString *)message</Declaration>
			<Parameters>
				<Parameter>
					<Name>message</Name>
					<Abstract type="html">description of the required data</Abstract>
				</Parameter>
			</Parameters>
			<ReturnValue><Abstract type="html">NSException object with user info</Abstract></ReturnValue>
			<Anchor>//api/name/MissingDataException:</Anchor>
            <NodeRef refid="9"/>
		</Token>
		
		<Token>
			<TokenIdentifier>//apple_ref/occ/clm/ServiceError/InvalidTxnCryptogramException</TokenIdentifier>
			<Abstract type="html">[Internal SDK Exception] - Invalid transaction cryptogram verification</Abstract>
			<DeclaredIn>ServiceError.h</DeclaredIn>
			
			<Declaration>+ (NSException *)InvalidTxnCryptogramException</Declaration>
			
			<ReturnValue><Abstract type="html">NSException object with user info</Abstract></ReturnValue>
			<Anchor>//api/name/InvalidTxnCryptogramException</Anchor>
            <NodeRef refid="9"/>
		</Token>
		
		<Token>
			<TokenIdentifier>//apple_ref/occ/clm/ServiceError/KeyUnableToRecoverException</TokenIdentifier>
			<Abstract type="html">[Internal SDK Exception] - Key could not be recovered</Abstract>
			<DeclaredIn>ServiceError.h</DeclaredIn>
			
			<Declaration>+ (NSException *)KeyUnableToRecoverException</Declaration>
			
			<ReturnValue><Abstract type="html">NSException object with user info</Abstract></ReturnValue>
			<Anchor>//api/name/KeyUnableToRecoverException</Anchor>
            <NodeRef refid="9"/>
		</Token>
		
		<Token>
			<TokenIdentifier>//apple_ref/occ/clm/ServiceError/RequestErrorException</TokenIdentifier>
			<Abstract type="html">[Internal SDK Exception] - No response received from server</Abstract>
			<DeclaredIn>ServiceError.h</DeclaredIn>
			
			<Declaration>+ (NSException *)RequestErrorException</Declaration>
			
			<ReturnValue><Abstract type="html">NSException object with user info</Abstract></ReturnValue>
			<Anchor>//api/name/RequestErrorException</Anchor>
            <NodeRef refid="9"/>
		</Token>
		
		<Token>
			<TokenIdentifier>//apple_ref/occ/clm/ServiceError/HostTimeoutException</TokenIdentifier>
			<Abstract type="html">[Internal SDK Exception] - Connection to server timeout</Abstract>
			<DeclaredIn>ServiceError.h</DeclaredIn>
			
			<Declaration>+ (NSException *)HostTimeoutException</Declaration>
			
			<ReturnValue><Abstract type="html">NSException object with user info</Abstract></ReturnValue>
			<Anchor>//api/name/HostTimeoutException</Anchor>
            <NodeRef refid="9"/>
		</Token>
		
		<Token>
			<TokenIdentifier>//apple_ref/occ/clm/ServiceError/InvalidDataException:</TokenIdentifier>
			<Abstract type="html">[Internal SDK Exception] - Invalid Data during encryption decryption</Abstract>
			<DeclaredIn>ServiceError.h</DeclaredIn>
			
			<Declaration>+ (NSException *)InvalidDataException:(NSString *)message</Declaration>
			<Parameters>
				<Parameter>
					<Name>message</Name>
					<Abstract type="html">data invalid</Abstract>
				</Parameter>
			</Parameters>
			<ReturnValue><Abstract type="html">NSException object with user info</Abstract></ReturnValue>
			<Anchor>//api/name/InvalidDataException:</Anchor>
            <NodeRef refid="9"/>
		</Token>
		
		<Token>
			<TokenIdentifier>//apple_ref/occ/clm/ServiceError/HostResponseErrorException:</TokenIdentifier>
			<Abstract type="html">[Internal SDK Exception] - Invalid Response from server with error code</Abstract>
			<DeclaredIn>ServiceError.h</DeclaredIn>
			
			<Declaration>+ (NSException *)HostResponseErrorException:(NSString *)message</Declaration>
			<Parameters>
				<Parameter>
					<Name>message</Name>
					<Abstract type="html">error code of invalid response</Abstract>
				</Parameter>
			</Parameters>
			<ReturnValue><Abstract type="html">NSException object with user info</Abstract></ReturnValue>
			<Anchor>//api/name/HostResponseErrorException:</Anchor>
            <NodeRef refid="9"/>
		</Token>
		
		<Token>
			<TokenIdentifier>//apple_ref/occ/clm/ServiceError/RedoDHException</TokenIdentifier>
			<Abstract type="html">[Internal SDK Exception] - Diffie–Hellman has been done before</Abstract>
			<DeclaredIn>ServiceError.h</DeclaredIn>
			
			<Declaration>+ (NSException *)RedoDHException</Declaration>
			
			<ReturnValue><Abstract type="html">NSException object with user info</Abstract></ReturnValue>
			<Anchor>//api/name/RedoDHException</Anchor>
            <NodeRef refid="9"/>
		</Token>
		
		<Token>
			<TokenIdentifier>//apple_ref/occ/clm/ServiceError/ForceUpdateException</TokenIdentifier>
			<Abstract type="html">[Internal SDK Exception] - Force update response code returned by server</Abstract>
			<DeclaredIn>ServiceError.h</DeclaredIn>
			
			<Declaration>+ (NSException *)ForceUpdateException</Declaration>
			
			<ReturnValue><Abstract type="html">NSException object with user info</Abstract></ReturnValue>
			<Anchor>//api/name/ForceUpdateException</Anchor>
            <NodeRef refid="9"/>
		</Token>
		
		<Token>
			<TokenIdentifier>//apple_ref/occ/clm/ServiceError/ServerCertInvalidException</TokenIdentifier>
			<Abstract type="html">[Internal SDK Exception] - Server Cert is Invalid</Abstract>
			<DeclaredIn>ServiceError.h</DeclaredIn>
			
			<Declaration>+ (NSException *)ServerCertInvalidException</Declaration>
			
			
			<Anchor>//api/name/ServerCertInvalidException</Anchor>
            <NodeRef refid="9"/>
		</Token>
		
		<Token>
			<TokenIdentifier>//apple_ref/occ/clm/ServiceError/RedoAppLoginException</TokenIdentifier>
			<Abstract type="html">[Internal SDK Exception] - App login has been done before</Abstract>
			<DeclaredIn>ServiceError.h</DeclaredIn>
			
			<Declaration>+ (NSException *)RedoAppLoginException</Declaration>
			
			<ReturnValue><Abstract type="html">NSException object with user info</Abstract></ReturnValue>
			<Anchor>//api/name/RedoAppLoginException</Anchor>
            <NodeRef refid="9"/>
		</Token>
		
		<Token>
			<TokenIdentifier>//apple_ref/occ/clm/ServiceError/SessionExpiredException</TokenIdentifier>
			<Abstract type="html">[Internal SDK Exception] - Session has been expired</Abstract>
			<DeclaredIn>ServiceError.h</DeclaredIn>
			
			<Declaration>+ (NSException *)SessionExpiredException</Declaration>
			
			<ReturnValue><Abstract type="html">NSException object with user info</Abstract></ReturnValue>
			<Anchor>//api/name/SessionExpiredException</Anchor>
            <NodeRef refid="9"/>
		</Token>
		
		<Token>
			<TokenIdentifier>//apple_ref/occ/clm/ServiceError/SDKError:</TokenIdentifier>
			<Abstract type="html">[Internal SDK Exception] - SDK internal error code</Abstract>
			<DeclaredIn>ServiceError.h</DeclaredIn>
			
			<Declaration>+ (NSException *)SDKError:(NSString *)errorCode</Declaration>
			<Parameters>
				<Parameter>
					<Name>errorCode</Name>
					<Abstract type="html">SDK error code</Abstract>
				</Parameter>
			</Parameters>
			<ReturnValue><Abstract type="html">NSException object with user info</Abstract></ReturnValue>
			<Anchor>//api/name/SDKError:</Anchor>
            <NodeRef refid="9"/>
		</Token>
		
		<Token>
			<TokenIdentifier>//apple_ref/occ/clm/ServiceError/NoActiveCardException</TokenIdentifier>
			<Abstract type="html">[Internal SDK Exception] - No active card</Abstract>
			<DeclaredIn>ServiceError.h</DeclaredIn>
			
			<Declaration>+ (NSException *)NoActiveCardException</Declaration>
			
			<ReturnValue><Abstract type="html">NSException object with user info</Abstract></ReturnValue>
			<Anchor>//api/name/NoActiveCardException</Anchor>
            <NodeRef refid="9"/>
		</Token>
		
		<Token>
			<TokenIdentifier>//apple_ref/occ/clm/ServiceError/NoCardTokenException</TokenIdentifier>
			<Abstract type="html">[Internal SDK Exception] - No token found for this card</Abstract>
			<DeclaredIn>ServiceError.h</DeclaredIn>
			
			<Declaration>+ (NSException *)NoCardTokenException</Declaration>
			
			<ReturnValue><Abstract type="html">NSException object with user info</Abstract></ReturnValue>
			<Anchor>//api/name/NoCardTokenException</Anchor>
            <NodeRef refid="9"/>
		</Token>
		
		<Token>
			<TokenIdentifier>//apple_ref/occ/clm/ServiceError/DataFormattingException</TokenIdentifier>
			<Abstract type="html">[Internal SDK Exception] - Wrong data format</Abstract>
			<DeclaredIn>ServiceError.h</DeclaredIn>
			
			<Declaration>+ (NSException *)DataFormattingException</Declaration>
			
			<ReturnValue><Abstract type="html">NSException object with user info</Abstract></ReturnValue>
			<Anchor>//api/name/DataFormattingException</Anchor>
            <NodeRef refid="9"/>
		</Token>
		
		<Token>
			<TokenIdentifier>//apple_ref/occ/clm/ServiceError/UserCancelException</TokenIdentifier>
			<Abstract type="html">User press cancel during registration</Abstract>
			<DeclaredIn>ServiceError.h</DeclaredIn>
			
			<Declaration>+ (NSException *)UserCancelException</Declaration>
			
			<ReturnValue><Abstract type="html">NSException object with user info</Abstract></ReturnValue>
			<Anchor>//api/name/UserCancelException</Anchor>
            <NodeRef refid="9"/>
		</Token>
		
        
        
	</File>
</Tokens>