<?xml version="1.0" encoding="UTF-8"?>
<Tokens version="1.0">
	<File path="Classes/Deregistration.html">
		
		<Token>
			<TokenIdentifier>//apple_ref/occ/cl/Deregistration</TokenIdentifier>
			<Abstract type="html">Deregistration is used to deregister existing NOF card. Merchant application calls the
invoke() method upon instantiation of Deregistration object.
&lt;BR&gt;&lt;BR&gt;
Sample code on Swift :
&lt;pre&gt;
&lt;code&gt;
let dereg = Deregistration()
DispatchQueue.global().async() {
    do {
        // show loading bar here
        try ExceptionCatcher.catchException {
            dereg.invoke({ (result) in
                print(&quot;result success = \(result)&quot;)
                DispatchQueue.main.async() {
                    // do UI operation here
                }
            }, failure: { (error) in
                print(&quot;failed responseCode = &quot; + error)
                DispatchQueue.main.async() {
                    // do UI operation here
                }
            })
        }
    } catch {</Abstract>
			<DeclaredIn>Deregistration.h</DeclaredIn>
            
			
			<NodeRef refid="3"/>
		</Token>
		
		
		<Token>
			<TokenIdentifier>//apple_ref/occ/instm/Deregistration/init</TokenIdentifier>
			<Abstract type="html">Deregister the existing NETS-On-File card.</Abstract>
			<DeclaredIn>Deregistration.h</DeclaredIn>
			
			<Declaration>- (id)init</Declaration>
			
			<ReturnValue><Abstract type="html">object of deregistration NOF SDK</Abstract></ReturnValue>
			<Anchor>//api/name/init</Anchor>
            <NodeRef refid="3"/>
		</Token>
		
        
        
	</File>
</Tokens>